file	report_id	source	cover_title	note
(2022-2) 국가필수전략기술연계 지역허브.pdf	2022-02	manual	「국가필수전략기술	표지에 관리번호 없음 — 사용자 기입(2026-09-04, 파일명 번호와 동일)
(2022-4) 산업기술연구조합 육성·지원방안 연구용역 최종보고서.pdf	2022-04	manual	산업기술연구조합 육성	표지에 관리번호 없음 — 사용자 기입(2026-09-04, 파일명 번호와 동일)
(2022-5) 출연(연) 성과확산 제고를 위한 생태계 조성방안 연구.pdf	2022-05	cover		
(2022-6) 기술지주회사 중심의 과기원 기술사업화 지원체계 고도화 방안 연구.pdf	2022-06	manual		표지에 관리번호 없음 — 사용자 기입(2026-09-04, 파일명 번호와 동일)
(최종보고서) 국립대학 교육.연구 및 학생지도비 공통.유사 실적인정기준 마련을 위한 연구.PDF	2022-12	cover		
(최종보고서) 국립대학의 연합과 공유 촉진을 위한 모델 개발 및 제도(안) 연구.pdf	2022-13	cover		
(최종보고서) 국제협력선도대학육성지원사업의 성과관리 확산 및 4주기 기본계획 수립을 위한 정책방향 연구.pdf	2022-38	cover		
19년 신규 원자력연구개발사업 세부사업의 성과평가지표 개발 연구.pdf	2019-53	cover	년 신규 원자력연구개발사업 세부사업의 성과평가지표	
2020년 원자력연구개발사업을 통한 원자력 분야 안전 기여도 및 기술 수준 분석 연구.pdf	2020-53	cover	2020	
NRF 혁신을 위한 조직역량 강화 방안에 관한 정책연구.pdf	2019-81	cover	혁신을 위한 조직역량 강화 방안에	
[별권] 우수사례집.pdf	2020-40-v1	manual		표지 이미지(텍스트 없음)
‘20년 사회과학연구(SSK)지원사업 신규 아젠다 개발을 위한 연구.pdf	2020-02	cover	년 사회과학연구	
가이드북_EU HE 국가혁신법 비교분석.pdf	2023-08-v1	manual	비교분석 가이드북	표지에 관리번호 없음
거점 기반의 기초과학 허브구축과 역량강화 방안연구.pdf	2019-78	cover	거점 기반의 기초과학 허브구축과	
건전한 연구문화 확립을 위한 가이드북』제작을 위한 콘텐츠 개발 연구.pdf	2019-17	cover	건전한 연구문화 확립을 위한 가이드북	
고등교육 재정지원 계획 수립 연구.pdf	2020-06	cover	고등교육 재정지원 계획 수립 연구	
과학기술 홍보 확산을 위한 기획 연구.pdf	2019-05	cover	과학기술 홍보 확산을 위한 기획 연구	
과학기술진흥기금 자체수입 확대와 복권기금전입금의 효율적 활용을 위한 추진전략 연구.pdf	2019-57	cover	과학기술진흥기금 자체수입 확대와	다른 후보: 2011-15(p228)
교원 및 예비교원의 미디어 리터러시 교육 역량 강화 방안 연구.pdf	2020-01	cover	교원 및 예비교원의 미디어 리터러시	
국가연구개발 분야 청렴 인식도(TPLRD Transparency Perception Level in R&D) 측정을 위한 연구.pdf	2020-08	cover	국가연구개발 분야 청렴 인식도 측정을 위한 연구	
국가연구개발사업 부실(불량) 수행 연구자에 대한 합리적인 제재방안.pdf	2019-38	cover	국가연구개발사업 부실	
국립대법인화 성과분석 연구 최종보고서.pdf	2019-10	cover	국립대 법인화 성과분석 연구	
국립대학 육성사업 성과분석 및 발전방안 연구.pdf	2019-36	cover	국립대학 육성사업 성과분석 및	다른 후보: 2012-09(p163)
국민체감 연구성과 발굴을 위한 성과관리 개선 방안 연구.pdf	2019-74	cover	국민체감 연구성과 발굴을 위한	
국제 원자력 정책 동향 분석 연구.pdf	2019-67	cover	국제 원자력 정책 동향 분석 연구	
국제협력선도대학육성·지원사업 개편방안 연구.pdf	2020-19	cover	국제협력선도대학 육성	
글로벌박사양성사업 연구성과 및 진로분석 연구.pdf	2020-17	cover	글로벌박사양성사업 연구성과 및	
기초연구진흥 및 기술개발지원에 관한 법률 정비를 위한 연구.pdf	2019-82	cover	기초연구진흥 및 기술개발지원에 관한 법률	
나노·미래소재원천기술개발사업 추진기획 연구.pdf	2019-64	cover	미래소재원천기술개발사업	
남·북 학술 교류 방안 연구.pdf	2019-59	cover	북 학술 교류 방안 연구	다른 후보: 2007-42(p111), 2018-15(p111)
대학 산학협력활동 실태조사 실효성 제고 방안 연구.pdf	2020-31	cover	대학 산학협력활동 실태조사 실효성	
대학, 공공기관 등이 창출한 발명의 활용도 제고 방안 연구.pdf	2020-09	cover	공공기관 등이 창출한	
대학인문역량강화사업(CORE) 성과백서.pdf	2019-31-b	manual	The CORE Project	표지 번호 2019-31을 물리학 중장기 발전전략과 공유 — 사용자 결정(2026-09-04): -b
동물실험에서 성별균형 연구수행을 위한 연구지원 정책 개발 .pdf	2019-70	cover	동물실험에서 성별균형 연구수행을 위한	
물리학 분야 기초연구 중장기 발전전략 수립 및 분야별 지원체계 기획 연구.pdf	2019-31	manual	물리학 분야 기초연구 중장기 발전전략 수립 및	표지 번호 2019-31을 CORE 성과백서와 공유 — 사용자 결정(2026-09-04): 본편 2019-31, 첨부1·2 로드맵 = -v1/-v2
미래 SW 기초·원천 R&D사업 추진방안 기획연구.pdf	2019-80	cover	제 출 문	
바이오 분야 신규 연구개발사업 추진을 위한 기획 연구.pdf	2020-51	cover	바이오 분야 신규 연구개발사업 추진을 위한 기획 연구	
방사광가속기내 의료기술 연구용 롱빔라인 구축 방안 기획 연구.pdf	2019-69	cover	방사광가속기내 의료기술	
방사선기술개발사업 후속 예비타당성 조사를 위한 경제적 타당성 분석.pdf	2019-66	cover	방사선기술개발사업	
비전 NRF 2030 수립을 위한 정책연구.pdf	2019-33	cover	(Vision) 「NRF 2030」	
산업교육 및 산학연협력 기본계획 수정·보완 방안 마련 산학연협력인프라.pdf	2020-45	cover	산업교육 및 산학연협력 기본계획	
산업연계 교육활성화 선도대학(PRIME)사업 성과백서.pdf	2019-11	cover	산업연계 교육활성화 선도대학	
산업지원 다목적 방사광가속기 입지 적합성 검토 기준 조사연구.pdf	2020-30	cover	산업지원 다목적 방사광가속기 입지 적합성 검토 기준 조사연구	
생명과학 분야 기초연구 중장기 발전전략 수립 및 분야별 지원체계 기획 연구.pdf	2019-45	cover	생명과학 분야 기초연구 중장기 발전전략 수립	
소형 중성자선원 개발과 응용 산업화 전략마련을 위한 국내외 현황 분석.pdf	2020-28	manual	제 출 문	표지에 관리번호 없음
수소 기술개발 로드맵 및 관련 기술개발 사업 예비타당성조사 기획연구.pdf	2019-71	cover	수소 기술개발 로드맵 및 관련 기술개발 사업	
시뮬레이션 기반 가상 핵융합로 개발 사전기획 연구.pdf	2020-20	cover	시뮬레이션 기반 가상 핵융합로 개발 사전기획 연구	
우수과학자포상 수상 효과 분석 및 우수사례 활용방안 연구.pdf	2020-40	cover	우수과학자포상 수상 효과 분석 및 우수사례	
원자력연구개발사업의 원자력 안전도 제고 기여지수 및 원자력안전기술 체감지수 분석.pdf	2019-30	cover	원자력연구개발사업의 원자력 안전도 제고 기여지수 및	
의학 분야 기초연구 중장기 발전전략 수립 및 분야별 지원체계 기획 연구.pdf	2019-52	cover	의학 분야 기초연구 중장기 발전전략 수립 및	
인문사회와 인공지능(AI) 융합연구 지원방안.pdf	2020-03	cover	인문사회와 인공지능	
인문학 진흥 중장기 정책 마련을 위한 실태조사 방안 수립에 관한 연구.pdf	2019-42	cover	인문학 진흥 중장기 정책 마련을 위한 실태조사	
장기원전의 기기·설비 재료특성연구를 위한 고리 1호기 활용방안 연구.pdf	2019-68	cover	한 국 연 구 재 단	
전문경력인사초빙활용지원사업 성과관리 방안 연구.pdf	2020-12	cover	전문경력인사 초빙활용지원사업	
정책연구-2018-22-원자력팀-원자력 진흥 및 이용 활성화를 위한 국민 이해증진 확대방안 연구.pdf	2018-22	cover	원자력 진흥 및 이용 활성화를 위한 국민 이해증진	
정책연구-2018-26-국책기술전략팀-ICT 미래원천기술 연구 사업 예비타당성조사 기획연구.pdf	2018-26	cover	제 출 문	
정책연구-2018-35-국책기획팀-미세먼지 범부처 프로젝트 후속사업 기획 연구.pdf	2018-35	cover	미세먼지 범부처 프로젝트	
정책연구-2018-42-선도연구지원팀-전문연구정보활용사업 추진체계 개편 및 정보센터 활성화 방안 연구.pdf	2018-42	cover	최종보고서	
정책연구-2018-48-공학단-공학연구의 산업 활용성 연계강화에 대한 연구.pdf	2018-48	cover	공학연구의 산업 활용성	
정책연구-2018-49-셰계적 수준의 전문대학 육성사업(WCC) 종합성과 분석 및 백서 발간-제4권.pdf	2018-49-v4	cover	세계적 수준의 전문대학 육성사업	
정책연구-2018-49-전문대학지원팀-NCS 기반 및 현장중심 교육과정 운영 종합성과 분석 및 백서 발간-제3권.pdf	2018-49-v3	cover	기반 및 현장중심 교육과정 운영	
정책연구-2018-49-전문대학지원팀-특성화전문대학육성사업 종합성과 분석 및 백서 발간-제1권.pdf	2018-49-v1	cover	특성화전문대학육성사업	
정책연구-2018-49-전문대학지원팀-특성화전문대학육성사업(SCK) 종합성과 분석 및 백서 발간-제2권.pdf	2018-49-v2	cover	특성화전문대학육성사업	
정책연구-2018-54-핵융합·방사선팀-핵융합기초연구사업 효과분석 및 후속사업 기획연구.pdf	2018-54	cover	핵융합기초연구사업	
정책연구-2018-56-ICT·융합연구단-컴퓨터·소프트웨어 분야 특성에 적합한 평가지표 도입방안 연구.pdf	2018-56	cover	소프트웨어 분야 특성에 적합한	
정책연구-2018-57-학술실태조사 실효성 제고를 위한 조사항목 재구성.pdf	2018-57	cover	학술실태조사 실효성 제고를 위한 조사항목 재구성	
정책연구-2018-65-기초연구총괄기획팀-기초연구 분야별 지원체계 구축 연구.pdf	2018-65	cover	기초연구 분야별 지원체계 구축 연구	
정책연구-2018-66-학술진흥총괄팀-학술연구 발전을 위한 국내 학술단체의 저작권 관리 실태 분석 및 저작권 관련 규정에 관한 연구.pdf	2018-66	cover	최종보고서	
정책연구-2018-71-운영지원팀-NRF R&D 연구정보·평가센터 건립 타당성 분석 및 기본계획에 관한 연구.pdf	2018-71	cover	요 약 문	
정책연구-2018-74-윤리법무팀-대학의 연구윤리 운영 실태조사 및 연구윤리 책무성 강화 방안.pdf	2018-74	cover	대학의 연구윤리 운영 실태 조사 및	
정책연구-2019-07-개도국협력팀-국제협력선도대학육성지원사업 성과지표 개발.pdf	2019-07	cover	국제협력선도대학육성지원사업	
정책연구-2019-08-개도국협력팀-국제협력선도대학육성사업 시민사회 참여연계방안.pdf	2019-08	manual		표지 이미지(텍스트 없음) · 힌트: 파일명 번호 2019-08
정책연구-2019-12-사회과학단-사회과학분야 연구 활성화를 위한 데이터연구 지원방안 연구.pdf	2019-12	cover	사회과학분야 연구 활성화를 위한 데이터연구	
정책연구-2019-19-과학기술 연구개발 사업에 대한 인문사회과학적 연구 결합 방안.pdf	2019-19	manual	과학기술 연구개발 사업에 대한	후보 여러 개(뒷표지 포함): 2015-02, 2017-12 · 힌트: 파일명 번호 2019-19
정책연구-2019-24 대학지원1팀-지자체-대학 협력기반 지역혁신 플랫폼 구축과 시행전략.pdf	2019-24	cover	대학 협력기반 지역혁신	
정책연구-2019-47-에너지‧환경단-미세먼지 단기ㆍ중기 R&D 세부 투자 방향 설정 수립 연구.pdf	2019-47	cover	미세먼지 단기	
정책연구-2019-54-산학협력진흥팀-실험실창업지원사업의 성과분석 및 사업 개선방안 도출을 위한 연구.pdf	2019-54	cover	실험실창업지원사업의 성과분석 및	
정책연구-2019-56-성과확산팀-한국연구재단 지원 바이오의약 분야 연구성과 산업체 활용 실태조사.pdf	2019-56	cover	한국연구재단 지원 바이오의약 분야	
정책연구-2019-58-인문학단-인문사회분야 연구아젠다 도출.pdf	2019-58	cover	인문사회분야 연구아젠다 도출	다른 후보: 2019-30(p3)
정책연구-2022-68-한-미 원자력국제공동연구(I-NERI) 및 한-영 원자력국제공동연구 종합성과 분석.pdf	2022-68	cover	미 원자력국제공동연구	
정책연구-2022-72-지역대학원 육성을 통한 지역사회 기여 방안 및 효과성 연구.pdf	2022-72	cover	지역대학원 육성을 통한 지역사회 기여 방안	
정책연구-2022-76-바이오 최선진국을 지향하는 대한민국에 대한 통찰과 전망.pdf	2022-76	cover	바이오 최선진국을 지향하는	
정책연구-2022-77-세계선도 국가를 지향하는 대한민국에 대한 통찰과 전망.pdf	2022-77	cover	세계선도 국가를 지향하는 대한민국에 대한	
정책연구-2023-05-차세대 원자력 기술개발을 위한 민관협력 매칭사업 기획.pdf	2023-05	cover	차세대 원자력 기술개발을 위한	
정책연구-2023-07-대학 혁신을 위한 진로탐색학점제 지원사업 개편 방안.pdf	2023-07	cover	대학 혁신을 위한	
정책연구-2023-11-학술단체의 자율적 학술활동 건전성 강화 실천방안 연구.pdf	2023-11	cover	학술단체의 자율적 학술활동 건전성 강화	
정책연구-2023-15-연구의 창의·혁신성 제고를 위한 생성형 AI 기술 분석 및 활용연구.pdf	2023-15	cover	연구의 창의	
정책연구-2023-16-연구관리전문기관 역량제고를 위한 직무수준 설정 및 측정방식 도출.pdf	2023-16	cover	연구관리전문기관 역량제고를 위한	
정책연구-2023-17-BK21사업 외국인 참여대학원생 실태 조사 연구.pdf	2023-17	cover	BK21	
정책연구-2023-18-RISE 체계 전환에 따른 지역 내 전문대학 역할 재정립 및 재정 투자 방향 연구.pdf	2023-18	cover	RISE	
정책연구-2023-22-2023년 원자력연구개발사업을 통한 원자력 분야 안전 기여도 및 기술수준 분석 연구.pdf	2023-22	cover	2023	
정책연구-2023-23-개도국 ODA협력 연구성과 활용 및 기술 사업화 연계 지원을 위한 실증센터 모델 설계구축.pdf	2023-23	cover	협력 연구성과 활용 및 기술사업화	
정책연구-2023-26-지방대학 경쟁력 강화 방안 연구-글로컬대학30 혁신기획서 분석을 중심으로.pdf	2023-26	cover	지방대학 경쟁력 강화 방안 연구	
정책연구-2023-28-인문사회분야 학술지원사업의 국가·사회적 기여도 강화를 위한 지원체계와 성과관리체계 혁신 방안 연구.pdf	2023-28	cover	인문사회분야 학술지원사업의	
정책연구-2023-29-데이터 기반 유망 연구자 발굴 체계 마련 연구.pdf	2023-29	cover	데이터 기반 유망 연구자 발굴 체계 마련	
정책연구-2023-30-램프(LAMP) 사업 성과지표 및 성과관리 체계 개발 연구.pdf	2023-30	cover	(LAMP)	
정책연구-2023-31-과학기술 국제공동연구 사례 분석을 통한 국가 국제공동연구 활성화 및 개선 방안 연구.pdf	2023-31	cover	과학기술 국제공동연구 사례 분석을 통한 국가	
정책연구-2023-32-글로벌 교원양성 거점대학 성과분석 밑 발전방향 연구.pdf	2023-32	cover	글로벌 교원양성 거점대학 성과분석 및	
정책연구-2023-34-대학 일반재정지원사업 성과평가 및 포뮬러 개선 방안 연구.pdf	2023-34	cover	대학 일반재정지원사업 성과평가 및	
정책연구-2023-35-지역선도대학 육성사업 종합성과 분석 연구.pdf	2023-35	cover	지역선도대학 육성사업 종합성과 분석 연구	
정책연구-2023-36-2021~2023년 원자력연구개발사업 성과분석 및 2024년 신규사업 성과관리 계획 방안 수립 연구.pdf	2023-36	cover	2021~2023	
정책연구-2023-40-선진국 고등연구원 운영현황 분석을 통한 국내 발전적 적용방안 연구.pdf	2023-40	cover	선진국 고등연구원 운영현황 분석을 통한 국내	
정책연구-2023-42-데이터 기반 분석을 통한 기초연구사업의 선도적 추진 방안 모색 연구.pdf	2023-42	cover	데이터 기반 분석을 통한	
정책연구-2023-43-EU 호라이즌 유럽 준회원국 가입 관련 연구자 및 연구기관 참여 활성화를 위한 지원방안 연구.pdf	2023-43	cover	호라이즌 유럽	
정책연구-2023-44-원자력분야 해외 공동 R&D 과제 정보 기반 트렌드 분석 및 이슈 발굴.pdf	2023-44	cover	원자력분야 해외 공공	
정책연구-2023-45-열전도관을 이용한 초소형원자로 국내외 연구현황 및 로드맵 작성 연구.pdf	2023-45	cover	열전도관을 이용한 초소형원자로 국내외	
정책연구-2023-46-국제협력선도대학육성지원사업 개편방안 연구(다자협력 유형 신설).pdf	2023-46	cover	국제협력선도대학육성	
정책연구-2023-47-인문도시의 주요성과 분석 및 지속가능한 사업 발전 방향 연구.pdf	2023-47	cover	인문도시의 주요성과 분석 및 지속가능한	
정책연구-2024-01-대학창의적자산실용화지원사업(BRIDGE ) 종합성과 분석 및 백서 발간.pdf	2024-01	cover	대학창의적자산실용화지원사업	
정책연구-2024-04-첨단분야 혁신융합대학사업 1단계 성과분석 및 2단계 발전방안 정책연구.pdf	2024-04	cover	첨단분야 혁신융합대학사업	
정책연구-2024-06-국내 부처별 학문분류체계 현황 조사 및 학문분류 간 통합적·합리적 운영 방향 연구.pdf	2024-06	cover	국내 부처별 학문분류체계 현황 조사 및 학문분류	
정책연구-2024-07-이공분야 학술연구지원사업의 발전적인 개편 방안.pdf	2024-07	cover	이공분야 학술연구지원사업의	
정책연구-2024-08-생성형 AI를 이용한 재단 질의응답(Q&A) 챗봇(Chatbot) 구현.pdf	2024-08	cover	를 이용한 재단 질의응답	
정책연구-2024-11-사내대학의 활성화와 사내대학원 세부 설치·운영 제도 설계를 위한 정책연구.pdf	2024-11	cover	사내대학의 활성화와 사내대학원 세부	
정책연구-2024-12-표준현장실습학기제 활성화 방안(세액공제 제도를 중심으로).pdf	2024-12	cover	표준 현장실습학기제 활성화 방안	
정책연구-2024-13-2024년도 과학기술정책 이슈 대응체계 구축방안에 관한 연구.pdf	2024-13	cover	2024	
정책연구-2024-14-나노·소재분야 DNA 활용 소재조합기술 개발 탐색연구.pdf	2024-14	cover	소재분야	
정책연구-2024-15-풍요롭고 조화로운 대한민국을 위한 통찰과 전망.pdf	2024-15	cover	풍요롭고 조화로운 대한민국을 위한	
정책연구-2024-16-에너지 선진국을 지향하는 대한민국의 통찰과 전망.pdf	2024-16	cover	에너지 선진국을 지향하는	
정책연구-2024-18-대학혁신지원사업 수요자 체감형 제도 개선 방안 연구.pdf	2024-18	cover	대학혁신지원사업 수요자 체감형	
정책연구-2024-23-AI 디지털 교과서 도입에 다른 교원양성기관(교·사대) 교육과정 적용 방안 연구 .pdf	2024-23	cover	디지털 교과서 도입에 따른	
정책연구-2024-26-대학의 자율적 학술활동 건전성 강화 실천방안 연구 단과대학 중심으로.pdf	2024-26	cover	대학의 자율적 학술활동 건전성 강화 실천방안	
정책연구-2024-29-고등직업교육거점지구 사업(HiVE) 종합성과 분석 및 백서 발간.pdf	2024-29	cover	고등직업교육거점지구 사업	
정책연구-2024-31-차세대 원자력 시스템을 위한 우수 여성인력 활용 정책 개발.pdf	2024-31	cover	차세대 원자력 시스템을 위한 우수 여성인력	
정책연구-2024-33-인문사회분야 집단연구군 세부사업별 핵심 성과지표 개발 및 집단연구 체계 개선 연구.pdf	2024-33	cover	인문사회분야 집단연구군	
정책연구-2024-35-전문대학 혁신지원사업(3주기) 기획 연구.pdf	2024-35	cover	전문대학 혁신지원사업	
정책연구-2024-37-지역연구(유럽,아프리카) 현황 분석 및 활성화방안 연구.pdf	2024-37	cover	지역연구	
정책연구-2024-39-2022-2024년 원자력연구개발사업 성과분석 및 2025년 신규사업 성과관리 계획 방안 수립 연구.pdf	2024-39	cover	2022~2024	
정책연구-2024-40-2025년 국립대학육성사업 기획 연구.pdf	2024-40	cover	2025	
정책연구-2024-41-국내 소재 고등외국교육기관과 국내외·대학 및 산업체·지역사회와의 연계 협력 강화 방안.pdf	2024-41	cover	국내 소재 고등외국교육기관과	
정책연구-2025-01-인도네시아 국제협력선도대학육성지원사업 사후평가.pdf	2025-01	cover	인도네시아	
정책연구-2025-02-기초연구사업의 사회적·경제적 파급효과에 대한 다각적 분석연구-SDGs 연관성 및 특허분석 중심으로.pdf	2025-02	cover	기초연구사업의	
정책연구-2025-03-기초전략연구의 전략적 연계를 위한 전략기초연구 추진 방안 도출.pdf	2025-03	cover	전략연구의 전략적 연계를 위한	
정책연구-2025-08-'융합연구 2.0'체계 기반 혁신 도전적 유망 융합신기술 발굴 기획 연구.pdf	2025-08	cover	융합연구	
정책연구-2025-09-AI 연구자와 분야별 연구자 간 협력을 위한 AI R&D 혁신 프로그램 연구.pdf	2025-09	cover	연구자와 분야별 연구자간 협력을 위한	
정책연구-2025-11-인공지능 범용 과학자 기술을 위한 연구개발 정책 연구.pdf	2025-11	cover	인공지능 범용 과학자 기술을 위한	
정책연구-2025-12-국가연구개발 기획·평가·관리 고도화를 위한 AI 활용 전략 연구.pdf	2025-12	cover	국가연구개발 기획	
정책연구-2025-13-한국형 오픈액세스 정책 추진 방안 연구.pdf	2025-13	cover	한국형 오픈액세스 정책 추진 방안 연구	
정책연구-2025-16-원자력 R＆D 동향분석 및 2025년 원자력 백서 발간.pdf	2025-16	cover	동향 분석 및	
정책연구-2025-17-방사선 안전 강화를 위한 스마트 감마선 영상기술의 현장 적용 전략 및 방안 연구.pdf	2025-17	cover	방사선 안전 강화를 위한 스마트 감마선	
정책연구-2025-24-지역 과학기술 진흥 및 기술사업화 생태계 강화 등 과학기술혁신 아젠다 도출.pdf	2025-24	cover	지역 과학기술 진흥 및 기술사업화 생태계	
정책연구-2025-25-민간 주도적 혁신 창출 촉진을 위한 민·관 R&D 협업체계 모델 마련.pdf	2025-25	cover	민간 주도적 혁신 창출 촉진을 위한	
정책연구-2025-29-미래 모빌리티형 산업 생태계 기반 구축을 위한 인재양성 방안 기획 연구.pdf	2025-29	cover	미래 모빌리티형 산업 생태계 기반 구축을 위한	
정책연구-2025-32-과학기술 AI 혁신 연구 시스템 구축을 위한 국가 전략 기획연구.pdf	2025-32	cover	과학기술	
정책연구-2025-38-과학기술 AI Agent 활성화 방안 연구.pdf	2025-38	cover	과학기술	
죄종보고서_디지털 신기술 인재양성을 위한 혁신공유대학 사업제도 개선 및 확대방안 연구.pdf	2022-61	cover	디지털 신기술 인재양성을 위한 혁신공유대학	
주요국의 국책사업 조사·분석을 통한 국책사업 범위 개선에 관한 연구.pdf	2020-13	cover	주요국의 국책사업 조사	다른 후보: 2017-05(p108), 2017-32(p108), 2018-14(p109), 2018-33(p109), 2018-37(p109), 2018-38(p109), 2019-02(p109), 2019-07(p109), 2019-08(p109), 2019-10(p109), 2019-36(p109)
중·대형 국가연구개발 프로젝트 상세계획 수립 및 표준화 방안 연구.pdf	2019-76	cover	대형 국가연구개발 프로젝트	
중성미자 연구 현황 분석 및 발전방안 기획연구.pdf	2020-36	cover	중성미자 연구 현황 분석 및	
지구과학 분야 기초연구 중장기 발전전략 수립 및 분야별 지원체계 기획 연구.pdf	2019-34	cover	지구과학 분야 기초연구 중장기 발전전략	
차세대 지능형 반도체 기술개발사업(신소자)의 추진기획 연구.pdf	2019-63	cover	제 출 문	
첨부. 생명과학 세부분야별 중·장기 발전 로드맵.pdf	2019-45-v1	manual	생명과학 세부분야별 중	표지에 관리번호 없음
첨부1. 물리학분야 세부분야별 핵심과제 로드맵.pdf	2019-31-v1	manual	물리학분야 세부분야별 핵심과제 로드맵	표지에 관리번호 없음
첨부2.물리학 융합과제 로드맵.pdf	2019-31-v2	manual	물리학분야 융합과제 로드맵	표지에 관리번호 없음
최종보고서-PRIME사업 사후관리 운영 개선 방안 연구.pdf	2020-59	cover	PRIME	
최종보고서-R&D 성과제고를 위한 제안요청서 및 연구(수행)계획서 개선(안) 마련.pdf	2020-68	cover	성과제고를 위한 제안요청서	
최종보고서-다목적 방사광가속기 구축사업 예비타당성조사 추진을 위한 전략수립 연구.pdf	2020-65	cover	다목적 방사광가속기 구축사업 예비타당성조사	
최종보고서-대형연구개발사업의 사업관리체계 개선방안 수립 연구.pdf	2020-71	cover	대형연구개발사업의 사업관리체계 개선방안 수립 연구	
최종보고서-범부처 산학연 협력 통합조사 및 종합정보망 구축 방향.pdf	2020-49	cover	범부처 통합 산학연 협력 통합조사 및	
최종보고서-사회적 위기대응 및 미래발전전략 수립을 위한 다학제적 융합연구사업 기획 연구.pdf	2020-35	cover	사회적 위기대응 및 미래발전전략 수립을 위한	
최종보고서-산업교육 및 산학연협력 기본계획 수정·보완 방안 마련 기술이전사업화.pdf	2020-43	manual	2020	표지에 관리번호 없음
최종보고서-산업교육 및 산학연협력 기본계획 수정·보완 방안 마련 창업.pdf	2020-44	manual	2020	표지에 관리번호 없음
최종보고서-산업교육 및 산학연협력 기본계획 수정·보완 방안 인력양성 부문.pdf	2020-42	cover	산업교육 및 산학연협력 기본계획 수정·보완	
최종보고서-산업교육 및 산학연협력 기본계획 수정·보완 방안- 전문대학 산학연협력 활성화.pdf	2020-46	manual	2020	표지에 관리번호 없음
최종보고서-연구현장의 다양성 보호와 증진 방안 수립을 위한 정책연구.pdf	2020-54	cover	연구현장의 다양성 보호와	
최종보고서-저술출판 명저번역 지원체계 개편 및 인문사회분야 저술성과물 브랜드 전략 연구.pdf	2020-56	manual	저술출판	표지에 관리번호 없음
최종보고서-포스트 코로나19 대응 학술단체 지원 사업 개선 방안 연구.pdf	2020-58	cover	포스트 코로나19 대응	
최종보고서-한국연구재단 밀레니얼 세대 직원의 직무만족도 향상 방안 연구.pdf	2021-63	cover	한국연구재단 밀레니얼 세대 직원의	
최종보고서_ 한국연구재단 중장기(2020~2024) 감사전략 수립에 관한 연구.pdf	2019-16	cover	한국연구재단 중장기	
최종보고서_2019-2021년 원자력연구개발사업 성과분석 연구.pdf	2021-60	cover	2019-2021	
최종보고서_2020~2022년 원자력연구개발사업 성과분석 연구.pdf	2022-67	cover	2020~2022	
최종보고서_2020년 지방대학 및 지역균형인재 육성지원 추진실적 분석 및 2022년 계획 지침 수립 마련을 위한 연구.pdf	2021-40	cover	2020	
최종보고서_2021년 국제협력선도대학육성지원사업 후속사업 종료평가.pdf	2021-81	cover	년 국제협력선도대학육성지원사업	
최종보고서_2021년 원자력연구개발사업을 통한 원자력분야 안전기여도 및 기술수준 분석 연구.pdf	2021-38	cover	2021	
최종보고서_2021년 지방대학 및 지역균형인재 육성지원 성과분석 및 2023년 계획 지침 수립 마련을 위한 연구.pdf	2022-19	cover	년 지방대학 및 지역균형인재 육성지원 성과분석	
최종보고서_2022년 원자력연구개발사업을 통한 원자력 분야 안전 기여도 및 기술수준 분석 연구.pdf	2022-25	cover	2022	
최종보고서_21년 사회과학연구(SSK)지원사업 신규 아젠다 개발을 위한 연구.pdf	2021-02	cover	년 사회과학연구	
최종보고서_2주기 국립대학 육성사업 기획을 위한 심화연구.pdf	2022-54	cover	주기 국립대학 육성사업 기획을 위한	
최종보고서_4차산업혁명 시대 인문사회 분야의 역할 강화와 예산 확대 전략 연구.pdf	2021-05	cover	차산업혁명 시대	
최종보고서_BK21 플러스 사업성과 종합 분석 및 백서 발간.pdf	2021-01	cover	BK21	
최종보고서_EU 호라이즌 유럽(Horizon Europe)과 국가연구개발사업 관련 규정·절차 비교분석 연구.pdf	2023-08	cover	호라이즌 유럽	
최종보고서_R&D 투자효율성 제고를 위한 PM 수행조직 지원방안에 관한 연구.pdf	2021-36	cover	투자효율성 제고를 위한	
최종보고서_UN Space2030 아젠다 이행을 위한 국내 현황 점검 및 이행방향 연구.pdf	2021-52	cover	UN Space2030	
최종보고서_VUCA 시대의 국가 경쟁력 제고를 위한 과학기술분야 국가연구개발사업의 거시적 지원 프레임 개선 방향에 관한 연구.pdf	2021-21	cover	VUCA	
최종보고서_i-SMR 및 MSR 기술개발에서의 지식재산권 관리방안에 대한 정책연구.pdf	2023-10	cover	i-SMR	
최종보고서_’22년 사회과학연구(SSK) 지원사업 신규 아젠다 개발을 위한 연구.pdf	2022-07	cover	년 사회과학연구	
최종보고서_가속기 관련 산업체 클러스터화를 통한 핵심부품산업 활성화 방안 및 지원체계 구축 연구.pdf	2022-81	cover	가속기 관련 산업체 클러스터화를 통한	
최종보고서_건강한 연구실 문화 조성 및 홍보·확산 방안.pdf	2022-57	cover	건강한 연구실 문화 조성 및 홍보	
최종보고서_고경력 직원의 경력 재설계를 통한 인력 활용 방안 연구.pdf	2022-09	cover	고경력 직원의 경력 재설계를 통한	
최종보고서_고등교육혁신을 위한 전문대학 발전전략 연구 및 제언.pdf	2022-65	cover	고등교육혁신을 위한 전문대학 발전전략	
최종보고서_고등교육혁신을 위한 지방대 발전 전략 마련 연구.pdf	2022-66	cover	고등교육혁신을 위한 지방대 발전 전략 마련 연구	
최종보고서_고등교육혁신특화지역 지정⋅운영 지침 마련.pdf	2021-19	cover	고등교육혁신특화지역 지정	
최종보고서_고등직업교육체제 혁신방안 연구.pdf	2022-17	cover	고등직업교육체제 혁신방안 연구	
최종보고서_공공기술기반 시장연계 창업탐색 지원사업 정책연구 용역과제.pdf	2021-59	cover	공공기술기반 시장연계 창업탐색 지원사업	
최종보고서_과학기술 ODA 신규 사업 발굴을 위한 기획연구.pdf	2021-00-v1	manual	과학기술	관리번호 미상 — 번호 미상 규약(YYYY-00 → 다음 빈 -vN), 사용자 기입(2026-09-04)
최종보고서_과학기술 네트워크 허브 구축방안 수립을 위한 정책연구.pdf	2021-24	cover	과학기술 네트워크 허브 구축방안	
최종보고서_과학기술R&D사업 기획∙수행과정에 인문사회적 분석 반영 방안 연구.pdf	2022-64	cover	과학기술	
최종보고서_과학기술투자펀드 출자사업 성과분석에 관한 연구.pdf	2020-25	cover	과학기술투자펀드 출자사업 성과분석에 관한 연구	
최종보고서_국가연구개발사업 특허 등 지식재산권 성과 인정 기준안 작성을 위한 연구.pdf	2021-08	cover	국가연구개발사업 특허 등 지식재산권 성과 인정	
최종보고서_국내외 과학기술윤리 관련 법령 분석 연구.pdf	2022-74	cover	국내외 과학기술윤리 관련	
최종보고서_국내외 사회과학 집단연구 지원 비교연구 및 사회과학연구(SSK) 미래정책 방향.pdf	2022-16	cover	국내외 사회과학 집단연구 지원 비교연구 및	
최종보고서_극지분야 기초원천 후속 연구개발사업 예비타당성조사 기획연구.pdf	2019-48	cover	극지분야 기초원천 후속 연구개발사업	
최종보고서_기초·분자생명분야 분야별 지원체계 고도화 기획연구.pdf	2021-67	cover	분자생명분야 분야별	
최종보고서_기초·원천 R&D의 전략적 연계 방안 정책연구.pdf	2021-04	cover	전략적 연계 방안 정책연구	
최종보고서_기초연구 역량 제고와 분야별 지원체계 고도화를 위한 질적평가 시스템 정착 방안 연구.pdf	2022-75	cover	기초연구 역량 제고와 분야별 지원체계 고도화를	
최종보고서_기초연구 집단연구지원사업 구조 및 지원체계 고도화를 위한 기획연구.pdf	2020-74-b	manual	기초연구 집단연구지원사업 구조	표지에 관리번호 없음 — 사용자 기입(2026-09-04): 바이오헬스 R&D 구조분석(2020-74)과 같은 번호의 다른 문서 → -b
최종보고서_기초연구 활성화를 위한 바이오헬스 R&D 구조분석에 관한 연구.pdf	2020-74	cover	기초연구 활성화를 위한	
최종보고서_기초연구사업 의학 분야 특성화 신규 사업 기획 및 지표 설계 기획연구.pdf	2021-68	cover	기초연구사업 의학 분야 특성화 신규 사업 기획	
최종보고서_기후영향 선제적 대응 기술개발 전략 수립에 관한 연구.pdf	2021-33	cover	기후영향 선제적 대응 기술개발 전략 수립에	
최종보고서_나노소재분야 공정 설계 검증 플랫폼 기술개발 기획연구.pdf	2020-61	cover	제 출 문	
최종보고서_대학연구인력체계 및 대학 내 연구조직체계의 현황·문제점 분석 기반의 개선방안 도출 및 이공분야 학술연구지원사업 적용방안 수립.pdf	2021-80	cover	대학연구인력체계 및 대학 내 연구조직체계의	
최종보고서_대학의 산학협력 인력양성사업 효과성 제고방안 연구.pdf	2020-47	cover	대학의 산학협력 인력양성사업	
최종보고서_대학자율역량강화지원사업(ACE+)성과 종합 분석 및 백서 발간.pdf	2020-52	cover	대학자율역량강화지원사업(ACE+)	
최종보고서_디지털 신기술 인재양성 혁신공유대학사업 교육과정 공유·협력 확대를 위한 학사제도 연구.pdf	2022-44	cover	디지털 신기술 인재양성	
최종보고서_디지털 신기술 인재양성 혁신공유대학사업 성과관리 방안 연구.pdf	2021-43	cover	디지털 신기술 인재양성	
최종보고서_물리학분야 분야별 지원체계 고도화 기획연구.pdf	2021-65	cover	물리학분야 분야별 지원체계	다른 후보: 2019-32(p215)
최종보고서_발사체 재사용 기술 확보를 위한 탐색 연구.pdf	2021-51	cover	발사체 재사용 기술 확보를 위한 탐색 연구	
최종보고서_방호 최적화를 위한 복원력 관점에서의 방사선 재난 평가 방법론 타당성 연구.pdf	2021-73	cover	방호 최적화를 위한 복원력 관점에서의 방사선	
최종보고서_범부처 수소 기술개발사업 공동연구용역.pdf	2019-83	cover	범부처 수소 기술개발사업 공동연구용역	
최종보고서_법률문헌 인용방법 표준화 방안 연구.pdf	2021-09	manual	법률문헌 인용방법 표준화 방안 연구	표지에 관리번호 없음
최종보고서_분야별 지원체계 고도화를 위한 소재분야 기초연구 역량 제고 방안.pdf	2021-69	cover	분야별 지원체계 고도화를 위한 소재분야 기초연구	
최종보고서_분야별 지원체계 고도화를 위한 컴퓨터·소프트웨어 분야 기초연구 역량 제고방안.pdf	2021-70	cover	분야별 지원체계 고도화를 위한	
최종보고서_불확실성이 높은 기초원천 기술개발을 위한 R&D기획방안 연구.pdf	2022-48	cover	불확실성이 높은 기초원천 기술개발을 위한	
최종보고서_블록펀딩형 대학직접지원 R&D 해외사례분석 및 국내 적용 방안 연구.pdf	2021-26	cover	블록펀딩형 대학직접지원	
최종보고서_사용후핵연료 관리 방안에 관한 법제화 연구.pdf	2022-39	cover	사용후핵연료 관리 방안에 관한 법제화 연구	
최종보고서_산업교육센터 효율적 운영 방안 및 중장기 추진 과제 도출에 관한 연구.pdf	2021-42	cover	산업교육센터 효율적 운영 방안 및	
최종보고서_산학연협력 기술지주회사 질적관리 및 기술사업화 거버넌스 확대 방안.pdf	2021-57	cover	산학연협력기술지주회사 질적관리 및	
최종보고서_산학협력 마일리지 세부 운영방안 연구.pdf	2021-25	cover	산학협력 마일리지 세부 운영방안 연구	
최종보고서_산학협력단 기능개선을 위한 패키지 컨설팅 운영방안 연구.pdf	2023-09	manual	2023.9.	표지에 관리번호 없음
최종보고서_산학협력인력양성 통합정보망 구축을 위한 ISP 추진방안 연구.pdf	2021-41	cover	산학협력인력양성 통합정보망 구축을 위한	
최종보고서_생명존중과 지속가능한 발전을 위한 초·중등교육 방안 모색.pdf	2021-03	cover	생명존중과 지속가능한 발전을 위한	
최종보고서_수학분야 분야별 지원체계 고도화 기획연구.pdf	2021-64	cover	수학분야 분야별 지원체계 고도화 기획연구	
최종보고서_신개념 저선량 방사선 치료 및 장비 개발 전략 연구.pdf	2021-37	cover	신개념 저선량 방사선 치료 및 장비 개발 전략	
최종보고서_신기술 분야를 주도할 이공계 인력양성을 위한 대학혁신 방안 연구.pdf	2021-16	cover	신기술 분야를 주도할	
최종보고서_실험실 특화형 창업선도대학 후속사업 추진계획 수립.pdf	2021-63-b	cover	실험실 특화형 창업선도대학 후속사업	번호 중복(← 최종보고서-한국연구재단 밀레니얼 세대 직원의 직무만족도 향상 방안 연구.pdf)
최종보고서_외국교육기관 질 관리를 위한 해외 사례 연구(유초중등 분야 중점).pdf	2022-78	cover	외국교육기관 질 관리를 위한 해외	
최종보고서_우리나라 연구의 젠더혁신을 위한 젠더변수모델 개발연구.pdf	2021-27	cover	우리나라 연구의 젠더혁신을 위한 젠더변수모델	
최종보고서_우수성과 창출을 위한 이공분야 개인연구의 연구분야 특성별 적정 연구비 규모 연구.pdf	2018-64	cover	우수성과 창출을 위한	
최종보고서_우주 산업 민간 참여 활성화를 위한 정책연구.pdf	2020-11	cover	우주 산업 민간 참여	
최종보고서_우주핵심·중점기술개발사업 성과 및 활용방안 분석.pdf	2021-53	cover	우주핵심	
최종보고서_원자력 인력생태계 현황 분석 및 원자력인력활용 다각화 방안 연구.pdf	2020-66	cover	원자력 인력생태계 현황 분석 및 원자력인력활용 다각화 방안 연구	
최종보고서_원자력연구개발사업 성과관리체계 구축을 위한 연구.pdf	2022-24	cover	원자력연구개발사업 성과관리체계 구축을 위한 연구	
최종보고서_위성 영상데이터 활용을 위한 생태계 조성 및 서비스구축 방안 연구.pdf	2020-15	cover	위성 영상데이터 활용을 위한	
최종보고서_이공분야 대학중점연구소 중장기 지원전략 수립 연구.pdf	2020-72	cover	이공분야 대학중점연구소	
최종보고서_인문사회 학술의 종합적 분석을 통한 문명대전환 시대에 걸맞은 인문사회 학술의 역할과 방향 재정립.pdf	2022-22	cover	인문사회 학술의 종합적 분석을 통한	
최종보고서_인문사회-과학기술 융합연구 사업방향 제시 및 아이디어 발굴 연구.pdf	2022-08	cover	인문사회	
최종보고서_인문사회기반 융합연구지원사업 종합성과 분석연구.pdf	2020-33	cover	인문사회기반 융합연구지원사업	
최종보고서_인문사회분야 연구성과물 플랫폼 실태조사 및 개선 방안 연구.pdf	2021-76	cover	인문사회분야 연구성과물 플랫폼	
최종보고서_인문사회분야 학술연구지원사업 유사도·중복성 평가 가이드라인 수립 연구.pdf	2021-79	cover	인문사회분야 학술연구지원사업	
최종보고서_인문학 분야 집단·공동 연구지원사업 진단과 신규사업 모델 개발.pdf	2022-70	cover	인문학 분야 집단	
최종보고서_인문학 진흥 중장기 정책 목표 및 방안 수립에 관한 연구.pdf	2021-12	cover	인문학 진흥 중장기 정책 목표 및	
최종보고서_입자방사선치료기 최신기술 현황분석 및 핵심기술 확보전략 연구.pdf	2022-80	cover	입자방사선치료기 최신기술 현황분석 및	
최종보고서_재단 디지털 플랫폼 구축을 위한 핵심서비스 모형 개발 - ‘평가 패널 구성’과 ‘연구자 활동 분석’을 중심으로.pdf	2022-71	cover	재단 디지털 플랫폼 구축을 위한 핵심서비스	
최종보고서_전문대 LINC+육성사업 종합성과 분석 및 백서.pdf	2021-56	cover	LINC+	
최종보고서_전문대학의 사회적 기여도 분석을 통한 역할 재정립 방안 및 정부 재정투자 방향 도출 연구.pdf	2022-21	cover	전문대학의 사회적 기여도 분석을 통한 역할	
최종보고서_전문연구정보센터 플랫폼 및 사업 발전방안 수립 기획연구.pdf	2022-23	cover	전문연구정보센터 플랫폼 및 사업 발전방안	
최종보고서_제4차 비파괴검사기술의 진흥계획 수립을 위한 연구.pdf	2021-46	cover	차 비파괴검사기술의 진흥계획 수립을 위한	
최종보고서_제4차 핵융합에너지개발 진흥기본계획(’22~’26) 수립을 위한 기획연구.pdf	2020-70	cover	차 핵융합에너지개발 진흥기본계획	
최종보고서_주요 국가별 연구윤리 관리 체제 조사 연구.pdf	2022-73	cover	주요 국가별 연구윤리 관리 체제 조사 연구	
최종보고서_중이온가속기 구축 이후 효율적 운영방안 연구.pdf	2019-61	cover	중이온가속기 구축이후 효율적 운영방안 연구	
최종보고서_중저선량을 이용한 비암성 난치 질환 치료기술 연구 체계 개발.pdf	2022-82	cover	중저선량	
최종보고서_지역혁신 플랫폼 법인 관리 운영 지침 마련.pdf	2021-18	cover	지역혁신 플랫폼 법인 관리 운영	
최종보고서_지자체-대학 협력기반 지역혁신 사업 인력양성 프로그램 발굴 및 추진 가능성 검토를 위한 pilot 연구.pdf	2022-20	cover	대학 협력기반 지역혁신 사업 인력양성	
최종보고서_차세대 공학연구자육성사업 사업성과 종합 분석 및 백서 발간.pdf	2022-03	cover	차세대 공학연구자육성사업 사업성과 종합	
최종보고서_코로나 블루(Corona Blue)에 대한 현황 분석 및 해결방안 마련.pdf	2020-60	cover	코로나 블루	
최종보고서_코로나19 대비・대응 수리모델을 통한 방역정책의 효과분석 및 국가적 과제 도출에 관한 연구.pdf	2021-11	cover	대응 수리모델을 통한 방역정책의	
최종보고서_코로나19 재난(위험) 관리·대응체계에 대한 국제비교 연구.pdf	2020-07	cover	대응체계에 대한	다른 후보: 2021-07(p4)
최종보고서_탄소중립시대 원자력 R&D 전략적 소통 및 인식 제고 방안 연구.pdf	2022-26	cover	탄소중립시대 원자력	
최종보고서_학회를 활용한 연구윤리 교육 및 예방활동 강화 방안 연구.pdf	2022-11	cover	학회를 활용한 연구윤리 교육 및	
최종보고서_핵융합에너지 전력생산 실증연구 촉진을 위한 미래 법제 발전방안 연구.pdf	2021-13	cover	핵융합에너지 전력생산 실증연구 촉진을 위한	
최종보고서_화학분야 분야별 지원체계 고도화 기획연구.pdf	2021-66	cover	화학분야 분야별 지원체계 고도화 기획연구	
학술단체와 학술지 실태에 관한 연구.pdf	2019-72	cover	학술단체와 학술지 실태에 관한 연구	
한국연구재단 과학기술분야 연구지원 사회·경제적 효과 분석.pdf	2019-73	cover	한국연구재단 과학기술분야 연구지원	
한국연구재단 학술‧연구개발 사업 과제 비대면평가 사례 조사 및 우수 추진 방법 연구.pdf	2020-41	cover	한국연구재단 학술	
해양 기반 에너지 순환 메커니즘 규명을 통한 해양 원천기술 미래전략 기획 연구.pdf	2019-49	cover	해양기반 에너지순환 메커니즘 규명을	
해체대상원전을 활용한 가동 원전 기기재료 안전성 실증사업 사전기획 연구.pdf	2020-27	manual	제 출 문	표지에 관리번호 없음
혁신성장 선도 고급 연구인재 성장 지원사업 기획.pdf	2019-22	cover	혁신성장 선도 고급 연구인재	
화학분야 기초 연구 중장기 발전전략 수립 및 분야별 지원체계 기획 연구.pdf	2019-35	cover	화학분야 기초 연구 중장기 발전전략 수립 및	
